[{"1998": "-", "1999": "-", "2000": "-", "2001": "-", "2002": "-", "2003": "-", "2004": "-", "2005": "2.5", "2006": "-", "2007": "1.8", "2008": "1.5", "2009": "1.3", "2010": "1.4", "2011": "1.52", "2012": "8", "2013": "8", "2014": "12", "2015": "11", "Jurisdiction": "Afghanistan"},{"1998": "-", "1999": "2.3", "2000": "-", "2001": "-", "2002": "2.5", "2003": "2.5", "2004": "2.5", "2005": "2.4", "2006": "2.6", "2007": "2.9", "2008": "3.4", "2009": "3.2", "2010": "3.3", "2011": "3.05", "2012": "33", "2013": "31", "2014": "33", "2015": "36", "Jurisdiction": "Albania"},{"1998": "-", "1999": "-", "2000": "-", "2001": "-", "2002": "-", "2003": "2.6", "2004": "2.7", "2005": "2.8", "2006": "3.1", "2007": "3", "2008": "3.2", "2009": "2.8", "2010": "2.9", "2011": "2.9", "2012": "34", "2013": "36", "2014": "36", "2015": "36", "Jurisdiction": "Algeria"},{"1998": "-", "1999": "-", "2000": "1.7", "2001": "-", "2002": "1.7", "2003": "1.8", "2004": "2", "2005": "2", "2006": "2.2", "2007": "2.2", "2008": "1.9", "2009": "1.9", "2010": "1.9", "2011": "2.01", "2012": "22", "2013": "23", "2014": "19", "2015": "15", "Jurisdiction": "Angola"},{"1998": "3", "1999": "3", "2000": "3.5", "2001": "3.5", "2002": "2.8", "2003": "2.5", "2004": "2.5", "2005": "2.8", "2006": "2.9", "2007": "2.9", "2008": "2.9", "2009": "2.9", "2010": "2.9", "2011": "3", "2012": "35", "2013": "34", "2014": "34", "2015": "32", "Jurisdiction": "Argentina"},{"1998": "-", "1999": "2.5", "2000": "2.5", "2001": "-", "2002": "-", "2003": "3", "2004": "3.1", "2005": "2.9", "2006": "2.9", "2007": "3", "2008": "2.9", "2009": "2.7", "2010": "2.6", "2011": "2.63", "2012": "34", "2013": "36", "2014": "37", "2015": "35", "Jurisdiction": "Armenia"},{"1998": "8.7", "1999": "8.7", "2000": "8.3", "2001": "8.5", "2002": "8.6", "2003": "8.8", "2004": "8.8", "2005": "8.8", "2006": "8.7", "2007": "8.6", "2008": "8.7", "2009": "8.7", "2010": "8.7", "2011": "8.84", "2012": "85", "2013": "81", "2014": "80", "2015": "79", "Jurisdiction": "Australia"},{"1998": "7.5", "1999": "7.6", "2000": "7.7", "2001": "7.8", "2002": "7.8", "2003": "8", "2004": "8.4", "2005": "8.7", "2006": "8.6", "2007": "8.1", "2008": "8.1", "2009": "7.9", "2010": "7.9", "2011": "7.79", "2012": "69", "2013": "69", "2014": "72", "2015": "76", "Jurisdiction": "Austria"},{"1998": "-", "1999": "1.7", "2000": "1.5", "2001": "2", "2002": "2", "2003": "1.8", "2004": "1.9", "2005": "2.2", "2006": "2.4", "2007": "2.1", "2008": "1.9", "2009": "2.3", "2010": "2.4", "2011": "2.38", "2012": "27", "2013": "28", "2014": "29", "2015": "29", "Jurisdiction": "Azerbaijan"},{"1998": "-", "1999": "-", "2000": "-", "2001": "-", "2002": "-", "2003": "-", "2004": "-", "2005": "-", "2006": "-", "2007": "-", "2008": "-", "2009": "-", "2010": "-", "2011": "7.29", "2012": "71", "2013": "71", "2014": "71", "2015": "-", "Jurisdiction": "Bahamas"},{"1998": "-", "1999": "-", "2000": "-", "2001": "-", "2002": "-", "2003": "6.1", "2004": "5.8", "2005": "5.8", "2006": "5.7", "2007": "5", "2008": "5.4", "2009": "5.1", "2010": "4.9", "2011": "5.11", "2012": "51", "2013": "48", "2014": "49", "2015": "51", "Jurisdiction": "Bahrain"},{"1998": "-", "1999": "-", "2000": "-", "2001": "0.4", "2002": "1.2", "2003": "1.3", "2004": "1.5", "2005": "1.7", "2006": "2", "2007": "2", "2008": "2.1", "2009": "2.4", "2010": "2.4", "2011": "2.66", "2012": "26", "2013": "27", "2014": "25", "2015": "25", "Jurisdiction": "Bangladesh"},{"1998": "-", "1999": "-", "2000": "-", "2001": "-", "2002": "-", "2003": "-", "2004": "7.3", "2005": "6.9", "2006": "6.7", "2007": "6.9", "2008": "7", "2009": "7.4", "2010": "7.8", "2011": "7.77", "2012": "76", "2013": "75", "2014": "74", "2015": "-", "Jurisdiction": "Barbados"},{"1998": "3.9", "1999": "3.4", "2000": "4.1", "2001": "-", "2002": "4.8", "2003": "4.2", "2004": "3.3", "2005": "2.6", "2006": "2.1", "2007": "2.1", "2008": "2", "2009": "2.4", "2010": "2.5", "2011": "2.42", "2012": "31", "2013": "29", "2014": "31", "2015": "32", "Jurisdiction": "Belarus"},{"1998": "5.4", "1999": "5.3", "2000": "6.1", "2001": "6.6", "2002": "7.1", "2003": "7.6", "2004": "7.5", "2005": "7.4", "2006": "7.3", "2007": "7.1", "2008": "7.3", "2009": "7.1", "2010": "7.1", "2011": "7.49", "2012": "75", "2013": "75", "2014": "76", "2015": "77", "Jurisdiction": "Belgium"},{"1998": "-", "1999": "-", "2000": "-", "2001": "-", "2002": "-", "2003": "4.5", "2004": "3.8", "2005": "3.7", "2006": "3.5", "2007": "3", "2008": "2.9", "2009": "-", "2010": "-", "2011": "-", "2012": "-", "2013": "-", "2014": "-", "2015": "-", "Jurisdiction": "Belize"},{"1998": "-", "1999": "-", "2000": "-", "2001": "-", "2002": "-", "2003": "-", "2004": "3.2", "2005": "2.9", "2006": "2.5", "2007": "2.7", "2008": "3.1", "2009": "2.9", "2010": "2.8", "2011": "2.97", "2012": "36", "2013": "36", "2014": "39", "2015": "37", "Jurisdiction": "Benin"},{"1998": "-", "1999": "-", "2000": "-", "2001": "-", "2002": "-", "2003": "-", "2004": "-", "2005": "-", "2006": "6", "2007": "5", "2008": "5.2", "2009": "5", "2010": "5.7", "2011": "5.74", "2012": "63", "2013": "63", "2014": "65", "2015": "65", "Jurisdiction": "Bhutan"},{"1998": "2.8", "1999": "2.5", "2000": "2.7", "2001": "2", "2002": "2.2", "2003": "2.3", "2004": "2.2", "2005": "2.5", "2006": "2.7", "2007": "2.9", "2008": "3", "2009": "2.7", "2010": "2.8", "2011": "2.76", "2012": "34", "2013": "34", "2014": "35", "2015": "34", "Jurisdiction": "Bolivia"},{"1998": "-", "1999": "-", "2000": "-", "2001": "-", "2002": "-", "2003": "-", "2004": "3.1", "2005": "2.9", "2006": "-", "2007": "3.3", "2008": "3.2", "2009": "3", "2010": "3.2", "2011": "3.21", "2012": "42", "2013": "42", "2014": "39", "2015": "38", "Jurisdiction": "Bosnia and Herzegovina"},{"1998": "-", "1999": "-", "2000": "-", "2001": "-", "2002": "-", "2003": "-", "2004": "-", "2005": "-", "2006": "2.9", "2007": "-", "2008": "-", "2009": "-", "2010": "-", "2011": "-", "2012": "-", "2013": "-", "2014": "-", "2015": "-", "Jurisdiction": "Bosnia and Herzgegovina"},{"1998": "-", "1999": "-", "2000": "-", "2001": "-", "2002": "-", "2003": "3.3", "2004": "-", "2005": "-", "2006": "-", "2007": "-", "2008": "-", "2009": "-", "2010": "-", "2011": "-", "2012": "-", "2013": "-", "2014": "-", "2015": "-", "Jurisdiction": "Bosnia & Herzegovina"},{"1998": "6.1", "1999": "6.1", "2000": "6", "2001": "6", "2002": "6.4", "2003": "5.7", "2004": "6", "2005": "5.9", "2006": "5.6", "2007": "5.4", "2008": "5.8", "2009": "5.6", "2010": "5.8", "2011": "6.08", "2012": "65", "2013": "64", "2014": "63", "2015": "63", "Jurisdiction": "Botswana"},{"1998": "4", "1999": "4.1", "2000": "3.9", "2001": "4", "2002": "4", "2003": "3.9", "2004": "3.9", "2005": "3.7", "2006": "3.3", "2007": "3.5", "2008": "3.5", "2009": "3.7", "2010": "3.7", "2011": "3.77", "2012": "43", "2013": "42", "2014": "43", "2015": "38", "Jurisdiction": "Brazil"},{"1998": "-", "1999": "-", "2000": "-", "2001": "-", "2002": "-", "2003": "-", "2004": "-", "2005": "-", "2006": "-", "2007": "-", "2008": "-", "2009": "-", "2010": "5.5", "2011": "5.21", "2012": "55", "2013": "60", "2014": "-", "2015": "-", "Jurisdiction": "Brunei"},{"1998": "-", "1999": "-", "2000": "-", "2001": "-", "2002": "-", "2003": "-", "2004": "-", "2005": "-", "2006": "-", "2007": "-", "2008": "-", "2009": "5.5", "2010": "-", "2011": "-", "2012": "-", "2013": "-", "2014": "-", "2015": "-", "Jurisdiction": "Brunei Darussalam"},{"1998": "2.9", "1999": "3.3", "2000": "3.5", "2001": "3.9", "2002": "4", "2003": "3.9", "2004": "4.1", "2005": "4", "2006": "4", "2007": "4.1", "2008": "3.6", "2009": "3.8", "2010": "3.6", "2011": "3.33", "2012": "41", "2013": "41", "2014": "43", "2015": "41", "Jurisdiction": "Bulgaria"},{"1998": "-", "1999": "-", "2000": "3", "2001": "-", "2002": "-", "2003": "-", "2004": "-", "2005": "3.4", "2006": "3.2", "2007": "2.9", "2008": "3.5", "2009": "3.6", "2010": "3.1", "2011": "3.05", "2012": "38", "2013": "38", "2014": "38", "2015": "38", "Jurisdiction": "Burkina Faso"},{"1998": "-", "1999": "-", "2000": "-", "2001": "-", "2002": "-", "2003": "-", "2004": "-", "2005": "2.3", "2006": "2.4", "2007": "2.5", "2008": "1.9", "2009": "1.8", "2010": "1.8", "2011": "1.94", "2012": "19", "2013": "21", "2014": "20", "2015": "21", "Jurisdiction": "Burundi"},{"1998": "-", "1999": "-", "2000": "-", "2001": "-", "2002": "-", "2003": "-", "2004": "-", "2005": "2.3", "2006": "2.1", "2007": "2", "2008": "1.8", "2009": "2", "2010": "2.1", "2011": "2.11", "2012": "22", "2013": "20", "2014": "21", "2015": "21", "Jurisdiction": "Cambodia"},{"1998": "1.4", "1999": "1.5", "2000": "2", "2001": "2", "2002": "2.2", "2003": "1.8", "2004": "2.1", "2005": "2.2", "2006": "2.3", "2007": "2.4", "2008": "2.3", "2009": "2.2", "2010": "2.2", "2011": "2.45", "2012": "26", "2013": "25", "2014": "27", "2015": "27", "Jurisdiction": "Cameroon"},{"1998": "9.2", "1999": "9.2", "2000": "9.2", "2001": "8.9", "2002": "9", "2003": "8.7", "2004": "8.5", "2005": "8.4", "2006": "8.5", "2007": "8.7", "2008": "8.7", "2009": "8.7", "2010": "8.9", "2011": "8.67", "2012": "84", "2013": "81", "2014": "81", "2015": "83", "Jurisdiction": "Canada"},{"1998": "-", "1999": "-", "2000": "-", "2001": "-", "2002": "-", "2003": "-", "2004": "-", "2005": "-", "2006": "-", "2007": "4.9", "2008": "5.1", "2009": "5.1", "2010": "5.1", "2011": "5.52", "2012": "60", "2013": "58", "2014": "57", "2015": "55", "Jurisdiction": "Cape Verde"},{"1998": "-", "1999": "-", "2000": "-", "2001": "-", "2002": "-", "2003": "-", "2004": "-", "2005": "-", "2006": "2.4", "2007": "2", "2008": "2", "2009": "2", "2010": "2.1", "2011": "2.21", "2012": "26", "2013": "25", "2014": "24", "2015": "24", "Jurisdiction": "Central African Republic"},{"1998": "-", "1999": "-", "2000": "-", "2001": "-", "2002": "-", "2003": "-", "2004": "1.7", "2005": "1.7", "2006": "2", "2007": "1.8", "2008": "1.6", "2009": "1.6", "2010": "1.7", "2011": "2.04", "2012": "19", "2013": "19", "2014": "22", "2015": "22", "Jurisdiction": "Chad"},{"1998": "6.8", "1999": "6.9", "2000": "7.4", "2001": "7.5", "2002": "7.5", "2003": "7.4", "2004": "7.4", "2005": "7.3", "2006": "7.3", "2007": "7", "2008": "6.9", "2009": "6.7", "2010": "7.2", "2011": "7.21", "2012": "72", "2013": "71", "2014": "73", "2015": "70", "Jurisdiction": "Chile"},{"1998": "3.5", "1999": "3.4", "2000": "3.1", "2001": "3.5", "2002": "3.5", "2003": "3.4", "2004": "3.4", "2005": "3.2", "2006": "3.3", "2007": "3.5", "2008": "3.6", "2009": "3.6", "2010": "3.5", "2011": "3.64", "2012": "39", "2013": "40", "2014": "36", "2015": "37", "Jurisdiction": "China"},{"1998": "2.2", "1999": "2.9", "2000": "3.2", "2001": "3.8", "2002": "3.6", "2003": "3.7", "2004": "3.8", "2005": "4", "2006": "3.9", "2007": "3.8", "2008": "3.8", "2009": "3.7", "2010": "3.5", "2011": "3.45", "2012": "36", "2013": "36", "2014": "37", "2015": "37", "Jurisdiction": "Colombia"},{"1998": "-", "1999": "-", "2000": "-", "2001": "-", "2002": "-", "2003": "-", "2004": "-", "2005": "-", "2006": "-", "2007": "2.6", "2008": "2.5", "2009": "2.3", "2010": "2.1", "2011": "2.41", "2012": "28", "2013": "28", "2014": "26", "2015": "26", "Jurisdiction": "Comoros"},{"1998": "-", "1999": "-", "2000": "-", "2001": "-", "2002": "-", "2003": "-", "2004": "-", "2005": "-", "2006": "-", "2007": "-", "2008": "-", "2009": "1.9", "2010": "-", "2011": "-", "2012": "-", "2013": "-", "2014": "-", "2015": "-", "Jurisdiction": "Congo Brazzaville"},{"1998": "-", "1999": "-", "2000": "-", "2001": "-", "2002": "-", "2003": "-", "2004": "-", "2005": "-", "2006": "-", "2007": "-", "2008": "-", "2009": "-", "2010": "2.1", "2011": "-", "2012": "-", "2013": "-", "2014": "-", "2015": "-", "Jurisdiction": "Congo-Brazzaville"},{"1998": "-", "1999": "-", "2000": "-", "2001": "-", "2002": "-", "2003": "-", "2004": "-", "2005": "2.1", "2006": "2", "2007": "1.9", "2008": "-", "2009": "-", "2010": "-", "2011": "-", "2012": "-", "2013": "-", "2014": "-", "2015": "-", "Jurisdiction": "Congo Democratic Republic"},{"1998": "-", "1999": "-", "2000": "-", "2001": "-", "2002": "-", "2003": "-", "2004": "2", "2005": "-", "2006": "-", "2007": "-", "2008": "1.7", "2009": "-", "2010": "-", "2011": "-", "2012": "-", "2013": "-", "2014": "-", "2015": "-", "Jurisdiction": "Congo. Democratic Republic"},{"1998": "-", "1999": "-", "2000": "-", "2001": "-", "2002": "-", "2003": "-", "2004": "-", "2005": "-", "2006": "2.2", "2007": "2.1", "2008": "-", "2009": "-", "2010": "-", "2011": "-", "2012": "26", "2013": "22", "2014": "23", "2015": "23", "Jurisdiction": "Congo Republic"},{"1998": "-", "1999": "-", "2000": "-", "2001": "-", "2002": "-", "2003": "-", "2004": "-", "2005": "-", "2006": "-", "2007": "-", "2008": "-", "2009": "-", "2010": "-", "2011": "2.15", "2012": "-", "2013": "-", "2014": "-", "2015": "-", "Jurisdiction": "Congo  Republic"},{"1998": "-", "1999": "-", "2000": "-", "2001": "-", "2002": "-", "2003": "-", "2004": "-", "2005": "-", "2006": "-", "2007": "-", "2008": "1.9", "2009": "-", "2010": "-", "2011": "-", "2012": "-", "2013": "-", "2014": "-", "2015": "-", "Jurisdiction": "Congo. Republic"},{"1998": "-", "1999": "-", "2000": "-", "2001": "-", "2002": "-", "2003": "-", "2004": "-", "2005": "2.3", "2006": "-", "2007": "-", "2008": "-", "2009": "-", "2010": "-", "2011": "-", "2012": "-", "2013": "-", "2014": "-", "2015": "-", "Jurisdiction": "Congo Republic of"},{"1998": "-", "1999": "-", "2000": "-", "2001": "-", "2002": "-", "2003": "-", "2004": "2.3", "2005": "-", "2006": "-", "2007": "-", "2008": "-", "2009": "-", "2010": "-", "2011": "-", "2012": "-", "2013": "-", "2014": "-", "2015": "-", "Jurisdiction": "Congo. Republic of"},{"1998": "-", "1999": "-", "2000": "-", "2001": "-", "2002": "-", "2003": "2.2", "2004": "-", "2005": "-", "2006": "-", "2007": "-", "2008": "-", "2009": "-", "2010": "-", "2011": "-", "2012": "-", "2013": "-", "2014": "-", "2015": "-", "Jurisdiction": "Congo Republic of the"},{"1998": "5.6", "1999": "5.1", "2000": "5.4", "2001": "4.5", "2002": "4.5", "2003": "4.3", "2004": "4.9", "2005": "4.2", "2006": "4.1", "2007": "5", "2008": "5.1", "2009": "5.3", "2010": "5.3", "2011": "4.8", "2012": "54", "2013": "53", "2014": "54", "2015": "55", "Jurisdiction": "Costa Rica"},{"1998": "-", "1999": "-", "2000": "-", "2001": "2.4", "2002": "-", "2003": "-", "2004": "2", "2005": "-", "2006": "-", "2007": "-", "2008": "-", "2009": "-", "2010": "-", "2011": "-", "2012": "-", "2013": "-", "2014": "-", "2015": "-", "Jurisdiction": "Cote d\u00b4Ivoire"},{"1998": "-", "1999": "-", "2000": "-", "2001": "-", "2002": "2.7", "2003": "2.1", "2004": "-", "2005": "1.9", "2006": "-", "2007": "2.1", "2008": "-", "2009": "-", "2010": "-", "2011": "-", "2012": "-", "2013": "-", "2014": "-", "2015": "-", "Jurisdiction": "Cote d'Ivoire"},{"1998": "-", "1999": "-", "2000": "-", "2001": "-", "2002": "-", "2003": "-", "2004": "-", "2005": "-", "2006": "2.1", "2007": "-", "2008": "2", "2009": "2.1", "2010": "2.2", "2011": "2.23", "2012": "29", "2013": "27", "2014": "32", "2015": "32", "Jurisdiction": "C\u00f4te d\u00b4Ivoire"},{"1998": "-", "1999": "-", "2000": "2.7", "2001": "-", "2002": "-", "2003": "-", "2004": "-", "2005": "-", "2006": "-", "2007": "-", "2008": "-", "2009": "-", "2010": "-", "2011": "-", "2012": "-", "2013": "-", "2014": "-", "2015": "-", "Jurisdiction": "C\u00f4te-d'Ivoire"},{"1998": "-", "1999": "2.7", "2000": "3.7", "2001": "3.9", "2002": "3.8", "2003": "3.7", "2004": "3.5", "2005": "3.4", "2006": "3.4", "2007": "4.1", "2008": "4.4", "2009": "4.1", "2010": "4.1", "2011": "4.03", "2012": "46", "2013": "48", "2014": "48", "2015": "51", "Jurisdiction": "Croatia"},{"1998": "-", "1999": "-", "2000": "-", "2001": "-", "2002": "-", "2003": "4.6", "2004": "3.7", "2005": "3.8", "2006": "3.5", "2007": "4.2", "2008": "4.3", "2009": "4.4", "2010": "3.7", "2011": "4.16", "2012": "48", "2013": "46", "2014": "46", "2015": "47", "Jurisdiction": "Cuba"},{"1998": "-", "1999": "-", "2000": "-", "2001": "-", "2002": "-", "2003": "6.1", "2004": "5.4", "2005": "5.7", "2006": "5.6", "2007": "5.3", "2008": "6.4", "2009": "6.6", "2010": "6.3", "2011": "6.27", "2012": "66", "2013": "63", "2014": "63", "2015": "61", "Jurisdiction": "Cyprus"},{"1998": "4.8", "1999": "4.6", "2000": "4.3", "2001": "3.9", "2002": "3.7", "2003": "3.9", "2004": "4.2", "2005": "4.3", "2006": "4.8", "2007": "-", "2008": "5.2", "2009": "4.9", "2010": "4.6", "2011": "4.37", "2012": "49", "2013": "48", "2014": "51", "2015": "56", "Jurisdiction": "Czech Republic"},{"1998": "-", "1999": "-", "2000": "-", "2001": "-", "2002": "-", "2003": "-", "2004": "-", "2005": "-", "2006": "-", "2007": "5.2", "2008": "-", "2009": "-", "2010": "-", "2011": "-", "2012": "-", "2013": "-", "2014": "-", "2015": "-", "Jurisdiction": "Czech Republik"},{"1998": "-", "1999": "-", "2000": "-", "2001": "-", "2002": "-", "2003": "-", "2004": "-", "2005": "-", "2006": "-", "2007": "-", "2008": "-", "2009": "1.9", "2010": "2", "2011": "-", "2012": "-", "2013": "-", "2014": "-", "2015": "-", "Jurisdiction": "Democratic Republic of Congo"},{"1998": "-", "1999": "-", "2000": "-", "2001": "-", "2002": "-", "2003": "-", "2004": "-", "2005": "-", "2006": "-", "2007": "-", "2008": "-", "2009": "-", "2010": "-", "2011": "-", "2012": "21", "2013": "22", "2014": "22", "2015": "22", "Jurisdiction": "Democratic Republic of the Congo"},{"1998": "-", "1999": "-", "2000": "-", "2001": "-", "2002": "-", "2003": "-", "2004": "-", "2005": "-", "2006": "-", "2007": "-", "2008": "-", "2009": "-", "2010": "-", "2011": "2.02", "2012": "-", "2013": "-", "2014": "-", "2015": "-", "Jurisdiction": "Democratic Republic of the Congo"},{"1998": "10", "1999": "10", "2000": "9.8", "2001": "9.5", "2002": "9.5", "2003": "9.5", "2004": "9.5", "2005": "9.5", "2006": "9.5", "2007": "9.4", "2008": "9.3", "2009": "9.3", "2010": "9.3", "2011": "9.39", "2012": "90", "2013": "91", "2014": "92", "2015": "91", "Jurisdiction": "Denmark"},{"1998": "-", "1999": "-", "2000": "-", "2001": "-", "2002": "-", "2003": "-", "2004": "-", "2005": "-", "2006": "-", "2007": "2.9", "2008": "3", "2009": "2.8", "2010": "3.2", "2011": "2.98", "2012": "36", "2013": "36", "2014": "34", "2015": "34", "Jurisdiction": "Djibouti"},{"1998": "-", "1999": "-", "2000": "-", "2001": "-", "2002": "-", "2003": "-", "2004": "-", "2005": "-", "2006": "4.5", "2007": "5.6", "2008": "6", "2009": "5.9", "2010": "5.2", "2011": "5.17", "2012": "58", "2013": "58", "2014": "58", "2015": "-", "Jurisdiction": "Dominica"},{"1998": "-", "1999": "-", "2000": "-", "2001": "3.1", "2002": "-", "2003": "-", "2004": "-", "2005": "-", "2006": "-", "2007": "-", "2008": "-", "2009": "-", "2010": "-", "2011": "-", "2012": "-", "2013": "-", "2014": "-", "2015": "-", "Jurisdiction": "Dominican Rep"},{"1998": "-", "1999": "-", "2000": "-", "2001": "-", "2002": "3.5", "2003": "-", "2004": "-", "2005": "-", "2006": "-", "2007": "-", "2008": "-", "2009": "-", "2010": "-", "2011": "-", "2012": "-", "2013": "-", "2014": "-", "2015": "-", "Jurisdiction": "Dominican Rep."},{"1998": "-", "1999": "-", "2000": "-", "2001": "-", "2002": "-", "2003": "3.3", "2004": "2.9", "2005": "3", "2006": "2.8", "2007": "3", "2008": "3", "2009": "3", "2010": "3", "2011": "2.59", "2012": "32", "2013": "29", "2014": "32", "2015": "33", "Jurisdiction": "Dominican Republic"},{"1998": "2.3", "1999": "2.4", "2000": "2.6", "2001": "2.3", "2002": "2.2", "2003": "2.2", "2004": "2.4", "2005": "2.5", "2006": "2.3", "2007": "2.1", "2008": "2", "2009": "2.2", "2010": "2.5", "2011": "2.65", "2012": "32", "2013": "35", "2014": "33", "2015": "32", "Jurisdiction": "Ecuador"},{"1998": "2.9", "1999": "3.3", "2000": "3.1", "2001": "3.6", "2002": "3.4", "2003": "3.3", "2004": "3.2", "2005": "3.4", "2006": "3.3", "2007": "2.9", "2008": "2.8", "2009": "2.8", "2010": "3.1", "2011": "2.86", "2012": "32", "2013": "32", "2014": "37", "2015": "36", "Jurisdiction": "Egypt"},{"1998": "3.6", "1999": "3.9", "2000": "4.1", "2001": "3.6", "2002": "3.4", "2003": "3.7", "2004": "4.2", "2005": "4.2", "2006": "4", "2007": "4", "2008": "3.9", "2009": "3.4", "2010": "3.6", "2011": "3.42", "2012": "38", "2013": "38", "2014": "39", "2015": "39", "Jurisdiction": "El Salvador"},{"1998": "-", "1999": "-", "2000": "-", "2001": "-", "2002": "-", "2003": "-", "2004": "-", "2005": "1.9", "2006": "2.1", "2007": "1.9", "2008": "1.7", "2009": "1.8", "2010": "1.9", "2011": "1.91", "2012": "20", "2013": "19", "2014": "-", "2015": "-", "Jurisdiction": "Equatorial Guinea"},{"1998": "-", "1999": "-", "2000": "-", "2001": "-", "2002": "-", "2003": "-", "2004": "2.6", "2005": "2.6", "2006": "2.9", "2007": "2.8", "2008": "2.6", "2009": "2.6", "2010": "2.6", "2011": "2.48", "2012": "25", "2013": "20", "2014": "18", "2015": "18", "Jurisdiction": "Eritrea"},{"1998": "5.7", "1999": "5.7", "2000": "5.7", "2001": "5.6", "2002": "5.6", "2003": "5.5", "2004": "6", "2005": "6.4", "2006": "6.7", "2007": "6.5", "2008": "6.6", "2009": "6.6", "2010": "6.5", "2011": "6.35", "2012": "64", "2013": "68", "2014": "69", "2015": "70", "Jurisdiction": "Estonia"},{"1998": "-", "1999": "-", "2000": "3.2", "2001": "-", "2002": "3.5", "2003": "2.5", "2004": "2.3", "2005": "2.2", "2006": "2.4", "2007": "2.4", "2008": "2.6", "2009": "2.7", "2010": "2.7", "2011": "2.69", "2012": "33", "2013": "33", "2014": "33", "2015": "33", "Jurisdiction": "Ethiopia"},{"1998": "-", "1999": "-", "2000": "-", "2001": "-", "2002": "-", "2003": "-", "2004": "-", "2005": "4", "2006": "-", "2007": "-", "2008": "-", "2009": "-", "2010": "-", "2011": "-", "2012": "-", "2013": "-", "2014": "-", "2015": "-", "Jurisdiction": "Fiji"},{"1998": "9.6", "1999": "9.8", "2000": "10", "2001": "9.9", "2002": "9.7", "2003": "9.7", "2004": "9.7", "2005": "9.6", "2006": "9.6", "2007": "9.4", "2008": "9", "2009": "8.9", "2010": "9.2", "2011": "9.4", "2012": "90", "2013": "89", "2014": "89", "2015": "90", "Jurisdiction": "Finland"},{"1998": "6.7", "1999": "6.6", "2000": "6.7", "2001": "6.7", "2002": "6.3", "2003": "6.9", "2004": "7.1", "2005": "7.5", "2006": "7.4", "2007": "7.3", "2008": "6.9", "2009": "6.9", "2010": "6.8", "2011": "7.01", "2012": "71", "2013": "71", "2014": "69", "2015": "70", "Jurisdiction": "France"},{"1998": "-", "1999": "-", "2000": "-", "2001": "-", "2002": "-", "2003": "-", "2004": "-", "2005": "-", "2006": "-", "2007": "3.3", "2008": "-", "2009": "3.8", "2010": "4.1", "2011": "3.94", "2012": "-", "2013": "-", "2014": "-", "2015": "-", "Jurisdiction": "FYR Macedonia"},{"1998": "-", "1999": "-", "2000": "-", "2001": "-", "2002": "-", "2003": "-", "2004": "3.3", "2005": "2.9", "2006": "3", "2007": "3.3", "2008": "3.1", "2009": "2.9", "2010": "2.8", "2011": "2.98", "2012": "35", "2013": "34", "2014": "37", "2015": "34", "Jurisdiction": "Gabon"},{"1998": "-", "1999": "-", "2000": "-", "2001": "-", "2002": "-", "2003": "2.5", "2004": "2.8", "2005": "2.7", "2006": "2.5", "2007": "2.3", "2008": "1.9", "2009": "2.9", "2010": "3.2", "2011": "3.51", "2012": "34", "2013": "28", "2014": "29", "2015": "28", "Jurisdiction": "Gambia"},{"1998": "-", "1999": "2.3", "2000": "-", "2001": "-", "2002": "2.4", "2003": "1.8", "2004": "2", "2005": "2.3", "2006": "2.8", "2007": "3.4", "2008": "3.9", "2009": "4.1", "2010": "3.8", "2011": "4.13", "2012": "52", "2013": "49", "2014": "52", "2015": "52", "Jurisdiction": "Georgia"},{"1998": "7.9", "1999": "8", "2000": "7.6", "2001": "7.4", "2002": "7.3", "2003": "7.7", "2004": "8.2", "2005": "8.2", "2006": "8", "2007": "7.8", "2008": "7.9", "2009": "8", "2010": "7.9", "2011": "8.05", "2012": "79", "2013": "78", "2014": "79", "2015": "81", "Jurisdiction": "Germany"},{"1998": "3.3", "1999": "3.3", "2000": "3.5", "2001": "3.4", "2002": "3.9", "2003": "3.3", "2004": "3.6", "2005": "3.5", "2006": "3.3", "2007": "3.7", "2008": "3.9", "2009": "3.9", "2010": "4.1", "2011": "3.85", "2012": "45", "2013": "46", "2014": "48", "2015": "47", "Jurisdiction": "Ghana"},{"1998": "4.9", "1999": "4.9", "2000": "4.9", "2001": "4.2", "2002": "4.2", "2003": "4.3", "2004": "4.3", "2005": "4.3", "2006": "4.4", "2007": "4.6", "2008": "4.7", "2009": "3.8", "2010": "3.5", "2011": "3.39", "2012": "36", "2013": "40", "2014": "43", "2015": "46", "Jurisdiction": "Greece"},{"1998": "-", "1999": "-", "2000": "-", "2001": "-", "2002": "-", "2003": "-", "2004": "-", "2005": "-", "2006": "3.5", "2007": "3.4", "2008": "-", "2009": "-", "2010": "-", "2011": "-", "2012": "-", "2013": "-", "2014": "-", "2015": "-", "Jurisdiction": "Grenada"},{"1998": "3.1", "1999": "3.2", "2000": "-", "2001": "2.9", "2002": "2.5", "2003": "2.4", "2004": "2.2", "2005": "2.5", "2006": "2.6", "2007": "2.8", "2008": "3.1", "2009": "3.4", "2010": "3.2", "2011": "2.73", "2012": "33", "2013": "29", "2014": "32", "2015": "28", "Jurisdiction": "Guatemala"},{"1998": "-", "1999": "-", "2000": "-", "2001": "-", "2002": "-", "2003": "-", "2004": "-", "2005": "-", "2006": "1.9", "2007": "1.9", "2008": "1.6", "2009": "1.8", "2010": "2", "2011": "2.11", "2012": "24", "2013": "24", "2014": "25", "2015": "25", "Jurisdiction": "Guinea"},{"1998": "-", "1999": "-", "2000": "-", "2001": "-", "2002": "-", "2003": "-", "2004": "-", "2005": "-", "2006": "-", "2007": "2.2", "2008": "1.9", "2009": "1.9", "2010": "2.1", "2011": "2.2", "2012": "25", "2013": "19", "2014": "19", "2015": "17", "Jurisdiction": "Guinea-Bissau"},{"1998": "-", "1999": "-", "2000": "-", "2001": "-", "2002": "-", "2003": "-", "2004": "-", "2005": "2.5", "2006": "2.5", "2007": "2.6", "2008": "2.6", "2009": "2.6", "2010": "2.7", "2011": "2.49", "2012": "28", "2013": "27", "2014": "30", "2015": "29", "Jurisdiction": "Guyana"},{"1998": "-", "1999": "-", "2000": "-", "2001": "-", "2002": "2.2", "2003": "1.5", "2004": "1.5", "2005": "1.8", "2006": "1.8", "2007": "1.6", "2008": "1.4", "2009": "1.8", "2010": "2.2", "2011": "1.8", "2012": "19", "2013": "19", "2014": "19", "2015": "17", "Jurisdiction": "Haiti"},{"1998": "1.7", "1999": "1.8", "2000": "-", "2001": "2.7", "2002": "2.7", "2003": "2.3", "2004": "2.3", "2005": "2.6", "2006": "2.5", "2007": "2.5", "2008": "2.6", "2009": "2.5", "2010": "2.4", "2011": "2.59", "2012": "28", "2013": "26", "2014": "29", "2015": "31", "Jurisdiction": "Honduras"},{"1998": "7.8", "1999": "7.7", "2000": "7.7", "2001": "7.9", "2002": "8.2", "2003": "8", "2004": "8", "2005": "8.3", "2006": "8.3", "2007": "8.3", "2008": "8.1", "2009": "8.2", "2010": "8.4", "2011": "8.39", "2012": "77", "2013": "75", "2014": "74", "2015": "75", "Jurisdiction": "Hong Kong"},{"1998": "5", "1999": "5.2", "2000": "5.2", "2001": "5.3", "2002": "4.9", "2003": "4.8", "2004": "4.8", "2005": "5", "2006": "5.2", "2007": "5.3", "2008": "5.1", "2009": "5.1", "2010": "4.7", "2011": "4.56", "2012": "55", "2013": "54", "2014": "54", "2015": "51", "Jurisdiction": "Hungary"},{"1998": "9.3", "1999": "9.2", "2000": "9.1", "2001": "9.2", "2002": "9.4", "2003": "9.6", "2004": "9.5", "2005": "9.7", "2006": "9.6", "2007": "9.2", "2008": "8.9", "2009": "8.7", "2010": "8.5", "2011": "8.27", "2012": "82", "2013": "78", "2014": "79", "2015": "79", "Jurisdiction": "Iceland"},{"1998": "2.9", "1999": "2.9", "2000": "2.8", "2001": "2.7", "2002": "2.7", "2003": "2.8", "2004": "2.8", "2005": "2.9", "2006": "3.3", "2007": "3.5", "2008": "3.4", "2009": "3.4", "2010": "3.3", "2011": "3.1", "2012": "36", "2013": "36", "2014": "38", "2015": "38", "Jurisdiction": "India"},{"1998": "2", "1999": "1.7", "2000": "1.7", "2001": "1.9", "2002": "1.9", "2003": "1.9", "2004": "2", "2005": "2.2", "2006": "2.4", "2007": "2.3", "2008": "2.6", "2009": "2.8", "2010": "2.8", "2011": "3.03", "2012": "32", "2013": "32", "2014": "34", "2015": "36", "Jurisdiction": "Indonesia"},{"1998": "-", "1999": "-", "2000": "-", "2001": "-", "2002": "-", "2003": "3", "2004": "2.9", "2005": "2.9", "2006": "2.7", "2007": "2.5", "2008": "2.3", "2009": "1.8", "2010": "2.2", "2011": "2.72", "2012": "28", "2013": "25", "2014": "27", "2015": "27", "Jurisdiction": "Iran"},{"1998": "-", "1999": "-", "2000": "-", "2001": "-", "2002": "-", "2003": "2.2", "2004": "2.1", "2005": "2.2", "2006": "1.9", "2007": "1.5", "2008": "1.3", "2009": "1.5", "2010": "1.5", "2011": "1.8", "2012": "18", "2013": "16", "2014": "16", "2015": "16", "Jurisdiction": "Iraq"},{"1998": "8.2", "1999": "7.7", "2000": "7.2", "2001": "7.5", "2002": "6.9", "2003": "7.5", "2004": "7.5", "2005": "7.4", "2006": "7.4", "2007": "7.5", "2008": "7.7", "2009": "8", "2010": "8", "2011": "7.54", "2012": "69", "2013": "72", "2014": "74", "2015": "75", "Jurisdiction": "Ireland"},{"1998": "7.1", "1999": "6.8", "2000": "6.6", "2001": "7.6", "2002": "7.3", "2003": "7", "2004": "6.4", "2005": "6.3", "2006": "5.9", "2007": "6.1", "2008": "6", "2009": "6.1", "2010": "6.1", "2011": "5.81", "2012": "60", "2013": "61", "2014": "60", "2015": "61", "Jurisdiction": "Israel"},{"1998": "4.6", "1999": "4.7", "2000": "4.6", "2001": "5.5", "2002": "5.2", "2003": "5.3", "2004": "4.8", "2005": "5", "2006": "4.9", "2007": "5.2", "2008": "4.8", "2009": "4.3", "2010": "3.9", "2011": "3.91", "2012": "42", "2013": "43", "2014": "43", "2015": "44", "Jurisdiction": "Italy"},{"1998": "3.1", "1999": "2.6", "2000": "-", "2001": "-", "2002": "-", "2003": "-", "2004": "-", "2005": "-", "2006": "-", "2007": "-", "2008": "-", "2009": "-", "2010": "-", "2011": "-", "2012": "-", "2013": "-", "2014": "-", "2015": "-", "Jurisdiction": "Ivory Coast"},{"1998": "3.8", "1999": "3.8", "2000": "-", "2001": "-", "2002": "4", "2003": "3.8", "2004": "3.3", "2005": "3.6", "2006": "3.7", "2007": "3.3", "2008": "3.1", "2009": "3", "2010": "3.3", "2011": "3.34", "2012": "38", "2013": "38", "2014": "38", "2015": "41", "Jurisdiction": "Jamaica"},{"1998": "5.8", "1999": "6", "2000": "6.4", "2001": "7.1", "2002": "7.1", "2003": "7", "2004": "6.9", "2005": "7.3", "2006": "7.6", "2007": "7.5", "2008": "7.3", "2009": "7.7", "2010": "7.8", "2011": "8.04", "2012": "74", "2013": "74", "2014": "76", "2015": "75", "Jurisdiction": "Japan"},{"1998": "4.7", "1999": "4.4", "2000": "4.6", "2001": "4.9", "2002": "4.5", "2003": "4.6", "2004": "5.3", "2005": "5.7", "2006": "5.3", "2007": "4.7", "2008": "5.1", "2009": "5", "2010": "4.7", "2011": "4.49", "2012": "48", "2013": "45", "2014": "49", "2015": "53", "Jurisdiction": "Jordan"},{"1998": "-", "1999": "2.3", "2000": "3", "2001": "2.7", "2002": "2.3", "2003": "2.4", "2004": "2.2", "2005": "2.6", "2006": "2.6", "2007": "2.1", "2008": "2.2", "2009": "2.7", "2010": "2.9", "2011": "2.69", "2012": "28", "2013": "26", "2014": "29", "2015": "28", "Jurisdiction": "Kazakhstan"},{"1998": "2.5", "1999": "2", "2000": "2.1", "2001": "2", "2002": "1.9", "2003": "1.9", "2004": "2.1", "2005": "2.1", "2006": "2.2", "2007": "2.1", "2008": "2.1", "2009": "2.2", "2010": "2.1", "2011": "2.24", "2012": "27", "2013": "27", "2014": "25", "2015": "25", "Jurisdiction": "Kenya"},{"1998": "-", "1999": "-", "2000": "-", "2001": "-", "2002": "-", "2003": "-", "2004": "-", "2005": "-", "2006": "-", "2007": "3.3", "2008": "3.1", "2009": "2.8", "2010": "3.2", "2011": "3.08", "2012": "-", "2013": "-", "2014": "-", "2015": "-", "Jurisdiction": "Kiribati"},{"1998": "-", "1999": "-", "2000": "-", "2001": "-", "2002": "-", "2003": "-", "2004": "-", "2005": "-", "2006": "-", "2007": "-", "2008": "-", "2009": "-", "2010": "-", "2011": "1.01", "2012": "8", "2013": "8", "2014": "8", "2015": "8", "Jurisdiction": "Korea (North)"},{"1998": "-", "1999": "-", "2000": "-", "2001": "-", "2002": "-", "2003": "-", "2004": "-", "2005": "-", "2006": "-", "2007": "-", "2008": "-", "2009": "5.5", "2010": "5.4", "2011": "5.36", "2012": "56", "2013": "55", "2014": "55", "2015": "56", "Jurisdiction": "Korea (South)"},{"1998": "-", "1999": "-", "2000": "-", "2001": "-", "2002": "-", "2003": "-", "2004": "-", "2005": "-", "2006": "-", "2007": "-", "2008": "-", "2009": "-", "2010": "2.8", "2011": "2.85", "2012": "34", "2013": "33", "2014": "33", "2015": "33", "Jurisdiction": "Kosovo"},{"1998": "-", "1999": "-", "2000": "-", "2001": "-", "2002": "-", "2003": "5.3", "2004": "4.6", "2005": "4.7", "2006": "4.8", "2007": "-", "2008": "4.3", "2009": "4.1", "2010": "4.5", "2011": "4.62", "2012": "44", "2013": "43", "2014": "44", "2015": "49", "Jurisdiction": "Kuwait"},{"1998": "-", "1999": "-", "2000": "-", "2001": "-", "2002": "-", "2003": "-", "2004": "-", "2005": "-", "2006": "-", "2007": "4.3", "2008": "-", "2009": "-", "2010": "-", "2011": "-", "2012": "-", "2013": "-", "2014": "-", "2015": "-", "Jurisdiction": "Kuweit"},{"1998": "-", "1999": "2.2", "2000": "-", "2001": "-", "2002": "-", "2003": "-", "2004": "-", "2005": "-", "2006": "-", "2007": "-", "2008": "-", "2009": "-", "2010": "-", "2011": "-", "2012": "-", "2013": "-", "2014": "-", "2015": "-", "Jurisdiction": "Kyrgyz Republic"},{"1998": "-", "1999": "-", "2000": "-", "2001": "-", "2002": "-", "2003": "2.1", "2004": "2.2", "2005": "2.3", "2006": "2.2", "2007": "2.1", "2008": "1.8", "2009": "1.9", "2010": "2", "2011": "2.12", "2012": "24", "2013": "24", "2014": "27", "2015": "28", "Jurisdiction": "Kyrgyzstan"},{"1998": "-", "1999": "-", "2000": "-", "2001": "-", "2002": "-", "2003": "-", "2004": "-", "2005": "3.3", "2006": "2.6", "2007": "1.9", "2008": "2", "2009": "2", "2010": "2.1", "2011": "2.21", "2012": "21", "2013": "26", "2014": "25", "2015": "25", "Jurisdiction": "Laos"},{"1998": "2.7", "1999": "3.4", "2000": "3.4", "2001": "3.4", "2002": "3.7", "2003": "3.8", "2004": "4", "2005": "4.2", "2006": "4.7", "2007": "4.8", "2008": "5", "2009": "4.5", "2010": "4.3", "2011": "4.19", "2012": "49", "2013": "53", "2014": "55", "2015": "55", "Jurisdiction": "Latvia"},{"1998": "-", "1999": "-", "2000": "-", "2001": "-", "2002": "-", "2003": "3", "2004": "2.7", "2005": "3.1", "2006": "3.6", "2007": "3", "2008": "3", "2009": "2.5", "2010": "2.5", "2011": "2.49", "2012": "30", "2013": "28", "2014": "27", "2015": "28", "Jurisdiction": "Lebanon"},{"1998": "-", "1999": "-", "2000": "-", "2001": "-", "2002": "-", "2003": "-", "2004": "-", "2005": "3.4", "2006": "3.2", "2007": "3.3", "2008": "3.2", "2009": "3.3", "2010": "3.5", "2011": "3.52", "2012": "45", "2013": "49", "2014": "49", "2015": "44", "Jurisdiction": "Lesotho"},{"1998": "-", "1999": "-", "2000": "-", "2001": "-", "2002": "-", "2003": "-", "2004": "-", "2005": "2.2", "2006": "-", "2007": "2.1", "2008": "2.4", "2009": "3.1", "2010": "3.3", "2011": "3.19", "2012": "41", "2013": "38", "2014": "37", "2015": "37", "Jurisdiction": "Liberia"},{"1998": "-", "1999": "-", "2000": "-", "2001": "-", "2002": "-", "2003": "2.1", "2004": "2.5", "2005": "2.5", "2006": "2.7", "2007": "2.5", "2008": "2.6", "2009": "2.5", "2010": "2.2", "2011": "2.01", "2012": "21", "2013": "15", "2014": "18", "2015": "16", "Jurisdiction": "Libya"},{"1998": "-", "1999": "3.8", "2000": "4.1", "2001": "4.8", "2002": "4.8", "2003": "4.7", "2004": "4.6", "2005": "4.8", "2006": "4.8", "2007": "4.8", "2008": "4.6", "2009": "4.9", "2010": "5", "2011": "4.75", "2012": "54", "2013": "57", "2014": "58", "2015": "61", "Jurisdiction": "Lithuania"},{"1998": "8.7", "1999": "8.8", "2000": "8.6", "2001": "8.7", "2002": "9", "2003": "8.7", "2004": "8.4", "2005": "8.5", "2006": "8.6", "2007": "8.4", "2008": "8.3", "2009": "8.2", "2010": "8.5", "2011": "8.51", "2012": "80", "2013": "80", "2014": "82", "2015": "81", "Jurisdiction": "Luxembourg"},{"1998": "-", "1999": "-", "2000": "-", "2001": "-", "2002": "-", "2003": "-", "2004": "-", "2005": "-", "2006": "6.6", "2007": "5.7", "2008": "5.4", "2009": "5.3", "2010": "5", "2011": "5.11", "2012": "-", "2013": "-", "2014": "-", "2015": "-", "Jurisdiction": "Macau"},{"1998": "-", "1999": "3.3", "2000": "-", "2001": "-", "2002": "-", "2003": "2.3", "2004": "2.7", "2005": "2.7", "2006": "2.7", "2007": "-", "2008": "-", "2009": "-", "2010": "-", "2011": "-", "2012": "43", "2013": "44", "2014": "-", "2015": "-", "Jurisdiction": "Macedonia"},{"1998": "-", "1999": "-", "2000": "-", "2001": "-", "2002": "-", "2003": "-", "2004": "-", "2005": "-", "2006": "-", "2007": "-", "2008": "3.6", "2009": "-", "2010": "-", "2011": "-", "2012": "-", "2013": "-", "2014": "-", "2015": "-", "Jurisdiction": "Macedonia (Former Yugoslav Republic of)"},{"1998": "-", "1999": "-", "2000": "-", "2001": "-", "2002": "1.7", "2003": "2.6", "2004": "3.1", "2005": "2.8", "2006": "3.1", "2007": "3.2", "2008": "3.4", "2009": "3", "2010": "2.6", "2011": "3.04", "2012": "32", "2013": "28", "2014": "28", "2015": "28", "Jurisdiction": "Madagascar"},{"1998": "4.1", "1999": "4.1", "2000": "4.1", "2001": "3.2", "2002": "2.9", "2003": "2.8", "2004": "2.8", "2005": "2.8", "2006": "2.7", "2007": "2.7", "2008": "2.8", "2009": "3.3", "2010": "3.4", "2011": "3", "2012": "37", "2013": "37", "2014": "33", "2015": "31", "Jurisdiction": "Malawi"},{"1998": "5.3", "1999": "5.1", "2000": "4.8", "2001": "5", "2002": "4.9", "2003": "5.2", "2004": "5", "2005": "5.1", "2006": "5", "2007": "5.1", "2008": "5.1", "2009": "4.5", "2010": "4.4", "2011": "4.31", "2012": "49", "2013": "50", "2014": "52", "2015": "50", "Jurisdiction": "Malaysia"},{"1998": "-", "1999": "-", "2000": "-", "2001": "-", "2002": "-", "2003": "-", "2004": "-", "2005": "-", "2006": "-", "2007": "3.3", "2008": "2.8", "2009": "2.5", "2010": "2.3", "2011": "2.47", "2012": "-", "2013": "-", "2014": "-", "2015": "-", "Jurisdiction": "Maldives"},{"1998": "-", "1999": "-", "2000": "-", "2001": "-", "2002": "-", "2003": "3", "2004": "3.2", "2005": "2.9", "2006": "2.8", "2007": "2.7", "2008": "3.1", "2009": "2.8", "2010": "2.7", "2011": "2.76", "2012": "34", "2013": "28", "2014": "32", "2015": "35", "Jurisdiction": "Mali"},{"1998": "-", "1999": "-", "2000": "-", "2001": "-", "2002": "-", "2003": "-", "2004": "6.8", "2005": "6.6", "2006": "6.4", "2007": "5.8", "2008": "5.8", "2009": "5.2", "2010": "5.6", "2011": "5.59", "2012": "57", "2013": "56", "2014": "55", "2015": "56", "Jurisdiction": "Malta"},{"1998": "-", "1999": "-", "2000": "-", "2001": "-", "2002": "-", "2003": "-", "2004": "-", "2005": "-", "2006": "3.1", "2007": "2.6", "2008": "2.8", "2009": "2.5", "2010": "2.3", "2011": "2.43", "2012": "31", "2013": "30", "2014": "30", "2015": "31", "Jurisdiction": "Mauritania"},{"1998": "5", "1999": "4.9", "2000": "4.7", "2001": "4.5", "2002": "4.5", "2003": "4.4", "2004": "4.1", "2005": "4.2", "2006": "5.1", "2007": "4.7", "2008": "5.5", "2009": "5.4", "2010": "5.4", "2011": "5.07", "2012": "57", "2013": "52", "2014": "54", "2015": "53", "Jurisdiction": "Mauritius"},{"1998": "3.3", "1999": "3.4", "2000": "3.3", "2001": "3.7", "2002": "3.6", "2003": "3.6", "2004": "3.6", "2005": "3.5", "2006": "3.3", "2007": "3.5", "2008": "3.6", "2009": "3.3", "2010": "3.1", "2011": "2.97", "2012": "34", "2013": "34", "2014": "35", "2015": "35", "Jurisdiction": "Mexico"},{"1998": "-", "1999": "2.6", "2000": "2.6", "2001": "3.1", "2002": "2.1", "2003": "2.4", "2004": "2.3", "2005": "2.9", "2006": "3.2", "2007": "-", "2008": "2.9", "2009": "3.3", "2010": "2.9", "2011": "2.88", "2012": "36", "2013": "35", "2014": "35", "2015": "33", "Jurisdiction": "Moldova"},{"1998": "-", "1999": "-", "2000": "-", "2001": "-", "2002": "-", "2003": "-", "2004": "-", "2005": "-", "2006": "-", "2007": "2.8", "2008": "-", "2009": "-", "2010": "-", "2011": "-", "2012": "-", "2013": "-", "2014": "-", "2015": "-", "Jurisdiction": "Moldovaa"},{"1998": "-", "1999": "4.3", "2000": "-", "2001": "-", "2002": "-", "2003": "-", "2004": "3", "2005": "3", "2006": "2.8", "2007": "3", "2008": "3", "2009": "2.7", "2010": "2.7", "2011": "2.68", "2012": "36", "2013": "38", "2014": "39", "2015": "39", "Jurisdiction": "Mongolia"},{"1998": "-", "1999": "-", "2000": "-", "2001": "-", "2002": "-", "2003": "-", "2004": "-", "2005": "-", "2006": "-", "2007": "3.3", "2008": "3.4", "2009": "3.9", "2010": "3.7", "2011": "3.97", "2012": "41", "2013": "44", "2014": "42", "2015": "44", "Jurisdiction": "Montenegro"},{"1998": "3.7", "1999": "4.1", "2000": "4.7", "2001": "-", "2002": "3.7", "2003": "3.3", "2004": "3.2", "2005": "3.2", "2006": "3.2", "2007": "3.5", "2008": "3.5", "2009": "3.3", "2010": "3.4", "2011": "3.44", "2012": "37", "2013": "37", "2014": "39", "2015": "36", "Jurisdiction": "Morocco"},{"1998": "-", "1999": "3.5", "2000": "2.2", "2001": "-", "2002": "-", "2003": "2.7", "2004": "2.8", "2005": "2.8", "2006": "2.8", "2007": "2.8", "2008": "2.6", "2009": "2.5", "2010": "2.7", "2011": "2.69", "2012": "31", "2013": "30", "2014": "31", "2015": "31", "Jurisdiction": "Mozambique"},{"1998": "-", "1999": "-", "2000": "-", "2001": "-", "2002": "-", "2003": "1.6", "2004": "1.7", "2005": "1.8", "2006": "1.9", "2007": "1.4", "2008": "1.3", "2009": "1.4", "2010": "1.4", "2011": "1.49", "2012": "15", "2013": "21", "2014": "21", "2015": "22", "Jurisdiction": "Myanmar"},{"1998": "5.3", "1999": "5.3", "2000": "5.4", "2001": "5.4", "2002": "5.7", "2003": "4.7", "2004": "4.1", "2005": "4.3", "2006": "4.1", "2007": "4.5", "2008": "4.5", "2009": "4.5", "2010": "4.4", "2011": "4.43", "2012": "48", "2013": "48", "2014": "49", "2015": "53", "Jurisdiction": "Namibia"},{"1998": "-", "1999": "-", "2000": "-", "2001": "-", "2002": "-", "2003": "-", "2004": "2.8", "2005": "2.5", "2006": "2.5", "2007": "2.5", "2008": "2.7", "2009": "2.3", "2010": "2.2", "2011": "2.21", "2012": "27", "2013": "31", "2014": "29", "2015": "27", "Jurisdiction": "Nepal"},{"1998": "9", "1999": "9", "2000": "8.9", "2001": "8.8", "2002": "9", "2003": "8.9", "2004": "8.7", "2005": "8.6", "2006": "8.7", "2007": "9", "2008": "8.9", "2009": "8.9", "2010": "8.8", "2011": "8.89", "2012": "84", "2013": "83", "2014": "83", "2015": "87", "Jurisdiction": "Netherlands"},{"1998": "9.4", "1999": "9.4", "2000": "9.4", "2001": "9.4", "2002": "9.5", "2003": "9.5", "2004": "9.6", "2005": "9.6", "2006": "9.6", "2007": "9.4", "2008": "9.3", "2009": "9.4", "2010": "9.3", "2011": "9.46", "2012": "90", "2013": "91", "2014": "91", "2015": "88", "Jurisdiction": "New Zealand"},{"1998": "3", "1999": "3.1", "2000": "-", "2001": "2.4", "2002": "2.5", "2003": "2.6", "2004": "2.7", "2005": "2.6", "2006": "2.6", "2007": "2.6", "2008": "2.5", "2009": "2.5", "2010": "2.5", "2011": "2.53", "2012": "29", "2013": "28", "2014": "28", "2015": "27", "Jurisdiction": "Nicaragua"},{"1998": "-", "1999": "-", "2000": "-", "2001": "-", "2002": "-", "2003": "-", "2004": "2.2", "2005": "2.4", "2006": "2.3", "2007": "2.6", "2008": "2.8", "2009": "2.9", "2010": "2.6", "2011": "2.54", "2012": "33", "2013": "34", "2014": "35", "2015": "34", "Jurisdiction": "Niger"},{"1998": "1.9", "1999": "1.6", "2000": "1.2", "2001": "1", "2002": "1.6", "2003": "1.4", "2004": "1.6", "2005": "1.9", "2006": "2.2", "2007": "2.2", "2008": "2.7", "2009": "2.5", "2010": "2.4", "2011": "2.45", "2012": "27", "2013": "25", "2014": "27", "2015": "26", "Jurisdiction": "Nigeria"},{"1998": "9", "1999": "8.9", "2000": "9.1", "2001": "8.6", "2002": "8.5", "2003": "8.8", "2004": "8.9", "2005": "8.9", "2006": "8.8", "2007": "8.7", "2008": "7.9", "2009": "8.6", "2010": "8.6", "2011": "8.99", "2012": "85", "2013": "86", "2014": "86", "2015": "87", "Jurisdiction": "Norway"},{"1998": "-", "1999": "-", "2000": "-", "2001": "-", "2002": "-", "2003": "6.3", "2004": "6.1", "2005": "6.3", "2006": "5.4", "2007": "4.7", "2008": "5.5", "2009": "5.5", "2010": "5.3", "2011": "4.83", "2012": "47", "2013": "47", "2014": "45", "2015": "45", "Jurisdiction": "Oman"},{"1998": "2.7", "1999": "2.2", "2000": "-", "2001": "2.3", "2002": "2.6", "2003": "2.5", "2004": "2.1", "2005": "2.1", "2006": "2.2", "2007": "2.4", "2008": "2.5", "2009": "2.4", "2010": "2.3", "2011": "2.47", "2012": "27", "2013": "28", "2014": "29", "2015": "30", "Jurisdiction": "Pakistan"},{"1998": "-", "1999": "-", "2000": "-", "2001": "-", "2002": "-", "2003": "3", "2004": "-", "2005": "2.6", "2006": "-", "2007": "-", "2008": "-", "2009": "-", "2010": "-", "2011": "-", "2012": "-", "2013": "-", "2014": "-", "2015": "-", "Jurisdiction": "Palestine"},{"1998": "-", "1999": "-", "2000": "-", "2001": "-", "2002": "-", "2003": "-", "2004": "2.5", "2005": "-", "2006": "-", "2007": "-", "2008": "-", "2009": "-", "2010": "-", "2011": "-", "2012": "-", "2013": "-", "2014": "-", "2015": "-", "Jurisdiction": "Palestinian Authority"},{"1998": "-", "1999": "-", "2000": "-", "2001": "3.7", "2002": "3", "2003": "3.4", "2004": "3.7", "2005": "3.5", "2006": "3.1", "2007": "3.2", "2008": "3.4", "2009": "3.4", "2010": "3.6", "2011": "3.27", "2012": "38", "2013": "35", "2014": "37", "2015": "39", "Jurisdiction": "Panama"},{"1998": "-", "1999": "-", "2000": "-", "2001": "-", "2002": "-", "2003": "2.1", "2004": "2.6", "2005": "2.3", "2006": "2.4", "2007": "2", "2008": "2", "2009": "2.1", "2010": "2.1", "2011": "2.17", "2012": "25", "2013": "25", "2014": "25", "2015": "25", "Jurisdiction": "Papua New Guinea"},{"1998": "1.5", "1999": "2", "2000": "-", "2001": "-", "2002": "1.7", "2003": "1.6", "2004": "1.9", "2005": "2.1", "2006": "2.6", "2007": "2.4", "2008": "2.4", "2009": "2.1", "2010": "2.2", "2011": "2.22", "2012": "25", "2013": "24", "2014": "24", "2015": "27", "Jurisdiction": "Paraguay"},{"1998": "4.5", "1999": "4.5", "2000": "4.4", "2001": "4.1", "2002": "4", "2003": "3.7", "2004": "3.5", "2005": "3.5", "2006": "3.3", "2007": "3.5", "2008": "3.6", "2009": "3.7", "2010": "3.5", "2011": "3.39", "2012": "38", "2013": "38", "2014": "38", "2015": "36", "Jurisdiction": "Peru"},{"1998": "3.3", "1999": "3.6", "2000": "2.8", "2001": "2.9", "2002": "2.6", "2003": "2.5", "2004": "2.6", "2005": "2.5", "2006": "2.5", "2007": "2.5", "2008": "2.3", "2009": "2.4", "2010": "2.4", "2011": "2.64", "2012": "34", "2013": "36", "2014": "38", "2015": "35", "Jurisdiction": "Philippines"},{"1998": "4.6", "1999": "4.2", "2000": "4.1", "2001": "4.1", "2002": "4", "2003": "3.6", "2004": "3.5", "2005": "3.4", "2006": "3.7", "2007": "4.2", "2008": "4.6", "2009": "5", "2010": "5.3", "2011": "5.48", "2012": "58", "2013": "60", "2014": "61", "2015": "62", "Jurisdiction": "Poland"},{"1998": "6.5", "1999": "6.7", "2000": "6.4", "2001": "6.3", "2002": "6.3", "2003": "6.6", "2004": "6.3", "2005": "6.5", "2006": "6.6", "2007": "6.5", "2008": "6.1", "2009": "5.8", "2010": "6", "2011": "6.1", "2012": "63", "2013": "62", "2014": "63", "2015": "63", "Jurisdiction": "Portugal"},{"1998": "-", "1999": "-", "2000": "-", "2001": "-", "2002": "-", "2003": "-", "2004": "-", "2005": "-", "2006": "-", "2007": "-", "2008": "5.8", "2009": "5.8", "2010": "5.8", "2011": "5.59", "2012": "63", "2013": "62", "2014": "63", "2015": "-", "Jurisdiction": "Puerto Rico"},{"1998": "-", "1999": "-", "2000": "-", "2001": "-", "2002": "-", "2003": "5.6", "2004": "5.2", "2005": "5.9", "2006": "6", "2007": "6", "2008": "6.5", "2009": "7", "2010": "7.7", "2011": "7.16", "2012": "68", "2013": "68", "2014": "69", "2015": "71", "Jurisdiction": "Qatar"},{"1998": "3", "1999": "3.3", "2000": "2.9", "2001": "2.8", "2002": "2.6", "2003": "2.8", "2004": "2.9", "2005": "3", "2006": "3.1", "2007": "3.7", "2008": "3.8", "2009": "3.8", "2010": "3.7", "2011": "3.61", "2012": "44", "2013": "43", "2014": "43", "2015": "46", "Jurisdiction": "Romania"},{"1998": "2.4", "1999": "2.4", "2000": "2.1", "2001": "2.3", "2002": "2.7", "2003": "2.7", "2004": "2.8", "2005": "2.4", "2006": "2.5", "2007": "2.3", "2008": "2.1", "2009": "2.2", "2010": "2.1", "2011": "2.45", "2012": "28", "2013": "28", "2014": "27", "2015": "29", "Jurisdiction": "Russia"},{"1998": "-", "1999": "-", "2000": "-", "2001": "-", "2002": "-", "2003": "-", "2004": "-", "2005": "3.1", "2006": "2.5", "2007": "2.8", "2008": "3", "2009": "3.3", "2010": "4", "2011": "4.98", "2012": "53", "2013": "53", "2014": "49", "2015": "54", "Jurisdiction": "Rwanda"},{"1998": "-", "1999": "-", "2000": "-", "2001": "-", "2002": "-", "2003": "-", "2004": "-", "2005": "-", "2006": "-", "2007": "6.8", "2008": "7.1", "2009": "7", "2010": "-", "2011": "7.02", "2012": "71", "2013": "71", "2014": "-", "2015": "-", "Jurisdiction": "Saint Lucia"},{"1998": "-", "1999": "-", "2000": "-", "2001": "-", "2002": "-", "2003": "-", "2004": "-", "2005": "-", "2006": "-", "2007": "6.1", "2008": "6.5", "2009": "6.4", "2010": "-", "2011": "5.76", "2012": "62", "2013": "62", "2014": "67", "2015": "-", "Jurisdiction": "Saint Vincent and the Grenadines"},{"1998": "-", "1999": "-", "2000": "-", "2001": "-", "2002": "-", "2003": "-", "2004": "-", "2005": "-", "2006": "-", "2007": "4.5", "2008": "4.4", "2009": "4.5", "2010": "4.1", "2011": "3.88", "2012": "-", "2013": "-", "2014": "52", "2015": "-", "Jurisdiction": "Samoa"},{"1998": "-", "1999": "-", "2000": "-", "2001": "-", "2002": "-", "2003": "-", "2004": "-", "2005": "-", "2006": "-", "2007": "2.7", "2008": "2.7", "2009": "2.8", "2010": "3", "2011": "-", "2012": "42", "2013": "42", "2014": "42", "2015": "42", "Jurisdiction": "Sao Tome and Principe"},{"1998": "-", "1999": "-", "2000": "-", "2001": "-", "2002": "-", "2003": "-", "2004": "-", "2005": "-", "2006": "-", "2007": "-", "2008": "-", "2009": "-", "2010": "-", "2011": "2.99", "2012": "-", "2013": "-", "2014": "-", "2015": "-", "Jurisdiction": "Sao Tome & Principe"},{"1998": "-", "1999": "-", "2000": "-", "2001": "-", "2002": "-", "2003": "4.5", "2004": "3.4", "2005": "3.4", "2006": "3.3", "2007": "3.4", "2008": "3.5", "2009": "4.3", "2010": "4.7", "2011": "4.39", "2012": "44", "2013": "46", "2014": "49", "2015": "52", "Jurisdiction": "Saudi Arabia"},{"1998": "3.3", "1999": "3.4", "2000": "3.5", "2001": "2.9", "2002": "3.1", "2003": "3.2", "2004": "3", "2005": "3.2", "2006": "3.3", "2007": "3.6", "2008": "3.4", "2009": "3", "2010": "2.9", "2011": "2.87", "2012": "36", "2013": "41", "2014": "43", "2015": "44", "Jurisdiction": "Senegal"},{"1998": "-", "1999": "-", "2000": "-", "2001": "-", "2002": "-", "2003": "-", "2004": "-", "2005": "-", "2006": "3", "2007": "3.4", "2008": "3.4", "2009": "3.5", "2010": "3.5", "2011": "3.31", "2012": "39", "2013": "42", "2014": "41", "2015": "40", "Jurisdiction": "Serbia"},{"1998": "-", "1999": "-", "2000": "-", "2001": "-", "2002": "-", "2003": "-", "2004": "2.7", "2005": "2.8", "2006": "-", "2007": "-", "2008": "-", "2009": "-", "2010": "-", "2011": "-", "2012": "-", "2013": "-", "2014": "-", "2015": "-", "Jurisdiction": "Serbia and Montenegro"},{"1998": "-", "1999": "-", "2000": "-", "2001": "-", "2002": "-", "2003": "2.3", "2004": "-", "2005": "-", "2006": "-", "2007": "-", "2008": "-", "2009": "-", "2010": "-", "2011": "-", "2012": "-", "2013": "-", "2014": "-", "2015": "-", "Jurisdiction": "Serbia & Montenegro"},{"1998": "-", "1999": "-", "2000": "-", "2001": "-", "2002": "-", "2003": "-", "2004": "4.4", "2005": "4", "2006": "3.6", "2007": "4.5", "2008": "4.8", "2009": "4.8", "2010": "4.8", "2011": "4.82", "2012": "52", "2013": "54", "2014": "55", "2015": "55", "Jurisdiction": "Seychelles"},{"1998": "-", "1999": "-", "2000": "-", "2001": "-", "2002": "-", "2003": "2.2", "2004": "2.3", "2005": "2.4", "2006": "2.2", "2007": "2.1", "2008": "1.9", "2009": "2.2", "2010": "2.4", "2011": "2.46", "2012": "31", "2013": "30", "2014": "31", "2015": "29", "Jurisdiction": "Sierra Leone"},{"1998": "9.1", "1999": "9.1", "2000": "9.1", "2001": "9.2", "2002": "9.3", "2003": "9.4", "2004": "9.3", "2005": "9.4", "2006": "9.4", "2007": "9.3", "2008": "9.2", "2009": "9.2", "2010": "9.3", "2011": "9.17", "2012": "87", "2013": "86", "2014": "84", "2015": "85", "Jurisdiction": "Singapore"},{"1998": "-", "1999": "-", "2000": "-", "2001": "-", "2002": "-", "2003": "3.7", "2004": "4", "2005": "4.3", "2006": "4.7", "2007": "4.9", "2008": "5", "2009": "4.5", "2010": "4.3", "2011": "3.97", "2012": "46", "2013": "47", "2014": "50", "2015": "51", "Jurisdiction": "Slovakia"},{"1998": "3.9", "1999": "3.7", "2000": "3.5", "2001": "3.7", "2002": "3.7", "2003": "-", "2004": "-", "2005": "-", "2006": "-", "2007": "-", "2008": "-", "2009": "-", "2010": "-", "2011": "-", "2012": "-", "2013": "-", "2014": "-", "2015": "-", "Jurisdiction": "Slovak Republic"},{"1998": "-", "1999": "6", "2000": "5.5", "2001": "5.2", "2002": "6", "2003": "5.9", "2004": "6", "2005": "6.1", "2006": "6.4", "2007": "6.6", "2008": "6.7", "2009": "6.6", "2010": "6.4", "2011": "5.87", "2012": "61", "2013": "57", "2014": "58", "2015": "60", "Jurisdiction": "Slovenia"},{"1998": "-", "1999": "-", "2000": "-", "2001": "-", "2002": "-", "2003": "-", "2004": "-", "2005": "-", "2006": "-", "2007": "2.8", "2008": "2.9", "2009": "2.8", "2010": "2.8", "2011": "2.71", "2012": "-", "2013": "-", "2014": "-", "2015": "-", "Jurisdiction": "Solomon Islands"},{"1998": "-", "1999": "-", "2000": "-", "2001": "-", "2002": "-", "2003": "-", "2004": "-", "2005": "2.1", "2006": "-", "2007": "1.4", "2008": "1", "2009": "1.1", "2010": "1.1", "2011": "0.98", "2012": "8", "2013": "8", "2014": "8", "2015": "8", "Jurisdiction": "Somalia"},{"1998": "5.2", "1999": "5", "2000": "5", "2001": "4.8", "2002": "4.8", "2003": "4.4", "2004": "4.6", "2005": "4.5", "2006": "4.6", "2007": "5.1", "2008": "4.9", "2009": "4.7", "2010": "4.5", "2011": "4.08", "2012": "43", "2013": "42", "2014": "44", "2015": "44", "Jurisdiction": "South Africa"},{"1998": "4.2", "1999": "3.8", "2000": "4", "2001": "4.2", "2002": "4.5", "2003": "4.3", "2004": "4.5", "2005": "5", "2006": "5.1", "2007": "5.1", "2008": "5.6", "2009": "-", "2010": "-", "2011": "-", "2012": "-", "2013": "-", "2014": "-", "2015": "-", "Jurisdiction": "South Korea"},{"1998": "-", "1999": "-", "2000": "-", "2001": "-", "2002": "-", "2003": "-", "2004": "-", "2005": "-", "2006": "-", "2007": "-", "2008": "-", "2009": "-", "2010": "-", "2011": "-", "2012": "-", "2013": "14", "2014": "15", "2015": "15", "Jurisdiction": "South Sudan"},{"1998": "6.1", "1999": "6.6", "2000": "7", "2001": "7", "2002": "7.1", "2003": "6.9", "2004": "7.1", "2005": "7", "2006": "6.8", "2007": "6.7", "2008": "6.5", "2009": "6.1", "2010": "6.1", "2011": "6.23", "2012": "65", "2013": "59", "2014": "60", "2015": "58", "Jurisdiction": "Spain"},{"1998": "-", "1999": "-", "2000": "-", "2001": "-", "2002": "3.7", "2003": "3.4", "2004": "3.5", "2005": "3.2", "2006": "3.1", "2007": "3.2", "2008": "3.2", "2009": "3.1", "2010": "3.2", "2011": "3.3", "2012": "40", "2013": "37", "2014": "38", "2015": "37", "Jurisdiction": "Sri Lanka"},{"1998": "-", "1999": "-", "2000": "-", "2001": "-", "2002": "-", "2003": "2.3", "2004": "2.2", "2005": "2.1", "2006": "2", "2007": "1.8", "2008": "1.6", "2009": "1.5", "2010": "1.6", "2011": "1.56", "2012": "13", "2013": "11", "2014": "11", "2015": "12", "Jurisdiction": "Sudan"},{"1998": "-", "1999": "-", "2000": "-", "2001": "-", "2002": "-", "2003": "-", "2004": "4.3", "2005": "3.2", "2006": "3", "2007": "3.5", "2008": "3.6", "2009": "3.7", "2010": "-", "2011": "3.03", "2012": "37", "2013": "36", "2014": "36", "2015": "36", "Jurisdiction": "Suriname"},{"1998": "-", "1999": "-", "2000": "-", "2001": "-", "2002": "-", "2003": "-", "2004": "-", "2005": "2.7", "2006": "2.5", "2007": "3.3", "2008": "3.6", "2009": "3.6", "2010": "3.2", "2011": "3.08", "2012": "37", "2013": "39", "2014": "43", "2015": "-", "Jurisdiction": "Swaziland"},{"1998": "9.5", "1999": "9.4", "2000": "9.4", "2001": "9", "2002": "9.3", "2003": "9.3", "2004": "9.2", "2005": "9.2", "2006": "9.2", "2007": "9.3", "2008": "9.3", "2009": "9.2", "2010": "9.2", "2011": "9.3", "2012": "88", "2013": "89", "2014": "87", "2015": "89", "Jurisdiction": "Sweden"},{"1998": "8.9", "1999": "8.9", "2000": "8.6", "2001": "8.4", "2002": "8.5", "2003": "8.8", "2004": "9.1", "2005": "9.1", "2006": "9.1", "2007": "9", "2008": "9", "2009": "9", "2010": "8.7", "2011": "8.8", "2012": "86", "2013": "85", "2014": "86", "2015": "86", "Jurisdiction": "Switzerland"},{"1998": "-", "1999": "-", "2000": "-", "2001": "-", "2002": "-", "2003": "3.4", "2004": "3.4", "2005": "3.4", "2006": "2.9", "2007": "2.4", "2008": "2.1", "2009": "2.6", "2010": "2.5", "2011": "2.56", "2012": "26", "2013": "17", "2014": "20", "2015": "18", "Jurisdiction": "Syria"},{"1998": "-", "1999": "-", "2000": "-", "2001": "-", "2002": "-", "2003": "-", "2004": "-", "2005": "-", "2006": "-", "2007": "-", "2008": "2", "2009": "-", "2010": "-", "2011": "-", "2012": "-", "2013": "-", "2014": "-", "2015": "-", "Jurisdiction": "Taijikistan"},{"1998": "5.3", "1999": "5.6", "2000": "5.5", "2001": "5.9", "2002": "5.6", "2003": "5.7", "2004": "5.6", "2005": "5.9", "2006": "5.9", "2007": "5.7", "2008": "5.7", "2009": "5.6", "2010": "5.8", "2011": "6.14", "2012": "61", "2013": "61", "2014": "61", "2015": "62", "Jurisdiction": "Taiwan"},{"1998": "-", "1999": "-", "2000": "-", "2001": "-", "2002": "-", "2003": "1.8", "2004": "2", "2005": "2.1", "2006": "2.2", "2007": "2.1", "2008": "-", "2009": "2", "2010": "2.1", "2011": "2.27", "2012": "22", "2013": "22", "2014": "23", "2015": "26", "Jurisdiction": "Tajikistan"},{"1998": "1.9", "1999": "1.9", "2000": "2.5", "2001": "2.2", "2002": "2.7", "2003": "2.5", "2004": "2.8", "2005": "2.9", "2006": "2.9", "2007": "3.2", "2008": "3", "2009": "2.6", "2010": "2.7", "2011": "2.95", "2012": "35", "2013": "33", "2014": "31", "2015": "30", "Jurisdiction": "Tanzania"},{"1998": "3", "1999": "3.2", "2000": "3.2", "2001": "3.2", "2002": "3.2", "2003": "3.3", "2004": "3.6", "2005": "3.8", "2006": "3.6", "2007": "3.3", "2008": "3.5", "2009": "3.4", "2010": "3.5", "2011": "3.38", "2012": "37", "2013": "35", "2014": "38", "2015": "38", "Jurisdiction": "Thailand"},{"1998": "-", "1999": "-", "2000": "-", "2001": "-", "2002": "-", "2003": "-", "2004": "-", "2005": "-", "2006": "-", "2007": "-", "2008": "-", "2009": "-", "2010": "-", "2011": "-", "2012": "-", "2013": "-", "2014": "45", "2015": "42", "Jurisdiction": "The FYR of Macedonia"},{"1998": "-", "1999": "-", "2000": "-", "2001": "-", "2002": "-", "2003": "-", "2004": "-", "2005": "-", "2006": "-", "2007": "-", "2008": "-", "2009": "-", "2010": "-", "2011": "-", "2012": "-", "2013": "-", "2014": "-", "2015": "76", "Jurisdiction": "The United States Of America"},{"1998": "-", "1999": "-", "2000": "-", "2001": "-", "2002": "-", "2003": "-", "2004": "-", "2005": "-", "2006": "2.6", "2007": "2.6", "2008": "2.2", "2009": "2.2", "2010": "2.5", "2011": "2.38", "2012": "33", "2013": "30", "2014": "28", "2015": "28", "Jurisdiction": "Timor-Leste"},{"1998": "-", "1999": "-", "2000": "-", "2001": "-", "2002": "-", "2003": "-", "2004": "-", "2005": "-", "2006": "2.4", "2007": "2.3", "2008": "2.7", "2009": "2.8", "2010": "2.4", "2011": "2.38", "2012": "30", "2013": "29", "2014": "29", "2015": "32", "Jurisdiction": "Togo"},{"1998": "-", "1999": "-", "2000": "-", "2001": "-", "2002": "-", "2003": "-", "2004": "-", "2005": "-", "2006": "-", "2007": "1.7", "2008": "2.4", "2009": "3", "2010": "3", "2011": "3.14", "2012": "-", "2013": "-", "2014": "-", "2015": "-", "Jurisdiction": "Tonga"},{"1998": "-", "1999": "-", "2000": "-", "2001": "-", "2002": "-", "2003": "4.6", "2004": "4.2", "2005": "3.8", "2006": "3.2", "2007": "3.4", "2008": "3.6", "2009": "3.6", "2010": "3.6", "2011": "3.17", "2012": "39", "2013": "38", "2014": "38", "2015": "39", "Jurisdiction": "Trinidad and Tobago"},{"1998": "-", "1999": "-", "2000": "-", "2001": "5.3", "2002": "4.9", "2003": "-", "2004": "-", "2005": "-", "2006": "-", "2007": "-", "2008": "-", "2009": "-", "2010": "-", "2011": "-", "2012": "-", "2013": "-", "2014": "-", "2015": "-", "Jurisdiction": "Trinidad & Tobago"},{"1998": "5", "1999": "5", "2000": "5.2", "2001": "5.3", "2002": "4.8", "2003": "4.9", "2004": "5", "2005": "4.9", "2006": "4.6", "2007": "4.2", "2008": "4.4", "2009": "4.2", "2010": "4.3", "2011": "3.76", "2012": "41", "2013": "41", "2014": "40", "2015": "38", "Jurisdiction": "Tunisia"},{"1998": "3.4", "1999": "3.6", "2000": "3.8", "2001": "3.6", "2002": "3.2", "2003": "3.1", "2004": "3.2", "2005": "3.5", "2006": "3.8", "2007": "4.1", "2008": "4.6", "2009": "4.4", "2010": "4.4", "2011": "4.21", "2012": "49", "2013": "50", "2014": "45", "2015": "42", "Jurisdiction": "Turkey"},{"1998": "-", "1999": "-", "2000": "-", "2001": "-", "2002": "-", "2003": "-", "2004": "2", "2005": "1.8", "2006": "2.2", "2007": "2", "2008": "1.8", "2009": "1.8", "2010": "1.6", "2011": "1.6", "2012": "17", "2013": "17", "2014": "17", "2015": "18", "Jurisdiction": "Turkmenistan"},{"1998": "2.6", "1999": "2.2", "2000": "2.3", "2001": "1.9", "2002": "2.1", "2003": "2.2", "2004": "2.6", "2005": "2.5", "2006": "2.7", "2007": "2.8", "2008": "2.6", "2009": "2.5", "2010": "2.5", "2011": "2.43", "2012": "29", "2013": "26", "2014": "26", "2015": "25", "Jurisdiction": "Uganda"},{"1998": "2.8", "1999": "2.6", "2000": "1.5", "2001": "2.1", "2002": "2.4", "2003": "2.3", "2004": "2.2", "2005": "2.6", "2006": "2.8", "2007": "2.7", "2008": "2.5", "2009": "2.2", "2010": "2.4", "2011": "2.3", "2012": "26", "2013": "25", "2014": "26", "2015": "27", "Jurisdiction": "Ukraine"},{"1998": "-", "1999": "-", "2000": "-", "2001": "-", "2002": "-", "2003": "5.2", "2004": "6.1", "2005": "6.2", "2006": "6.2", "2007": "5.7", "2008": "5.9", "2009": "6.5", "2010": "6.3", "2011": "6.82", "2012": "68", "2013": "69", "2014": "70", "2015": "70", "Jurisdiction": "United Arab Emirates"},{"1998": "8.7", "1999": "8.6", "2000": "8.7", "2001": "8.3", "2002": "8.7", "2003": "8.7", "2004": "8.6", "2005": "8.6", "2006": "8.6", "2007": "8.4", "2008": "7.7", "2009": "7.7", "2010": "7.6", "2011": "7.78", "2012": "74", "2013": "76", "2014": "78", "2015": "81", "Jurisdiction": "United Kingdom"},{"1998": "7.5", "1999": "-", "2000": "-", "2001": "-", "2002": "-", "2003": "-", "2004": "-", "2005": "-", "2006": "-", "2007": "-", "2008": "-", "2009": "7.5", "2010": "7.1", "2011": "7.14", "2012": "73", "2013": "73", "2014": "74", "2015": "-", "Jurisdiction": "United States"},{"1998": "4.3", "1999": "4.4", "2000": "-", "2001": "5.1", "2002": "5.1", "2003": "5.5", "2004": "6.2", "2005": "5.9", "2006": "6.4", "2007": "6.7", "2008": "6.9", "2009": "6.7", "2010": "6.9", "2011": "7.04", "2012": "72", "2013": "73", "2014": "73", "2015": "74", "Jurisdiction": "Uruguay"},{"1998": "-", "1999": "7.5", "2000": "7.8", "2001": "7.6", "2002": "7.7", "2003": "7.5", "2004": "7.5", "2005": "7.6", "2006": "7.3", "2007": "7.2", "2008": "7.3", "2009": "-", "2010": "-", "2011": "-", "2012": "-", "2013": "-", "2014": "-", "2015": "-", "Jurisdiction": "USA"},{"1998": "-", "1999": "1.8", "2000": "2.4", "2001": "2.7", "2002": "2.9", "2003": "2.4", "2004": "2.3", "2005": "2.2", "2006": "2.1", "2007": "1.7", "2008": "1.8", "2009": "1.7", "2010": "1.6", "2011": "1.62", "2012": "17", "2013": "17", "2014": "18", "2015": "19", "Jurisdiction": "Uzbekistan"},{"1998": "-", "1999": "-", "2000": "-", "2001": "-", "2002": "-", "2003": "-", "2004": "-", "2005": "-", "2006": "-", "2007": "3.1", "2008": "2.9", "2009": "3.2", "2010": "3.6", "2011": "3.53", "2012": "-", "2013": "-", "2014": "-", "2015": "-", "Jurisdiction": "Vanuatu"},{"1998": "2.3", "1999": "2.6", "2000": "2.7", "2001": "2.8", "2002": "2.5", "2003": "2.4", "2004": "2.3", "2005": "2.3", "2006": "2.3", "2007": "2", "2008": "1.9", "2009": "1.9", "2010": "2", "2011": "1.89", "2012": "19", "2013": "20", "2014": "19", "2015": "17", "Jurisdiction": "Venezuela"},{"1998": "2.5", "1999": "2.6", "2000": "2.5", "2001": "2.6", "2002": "2.4", "2003": "2.4", "2004": "2.6", "2005": "2.6", "2006": "-", "2007": "-", "2008": "-", "2009": "2.7", "2010": "2.7", "2011": "2.86", "2012": "31", "2013": "31", "2014": "31", "2015": "31", "Jurisdiction": "Vietnam"},{"1998": "-", "1999": "-", "2000": "-", "2001": "-", "2002": "-", "2003": "-", "2004": "-", "2005": "-", "2006": "2.6", "2007": "2.6", "2008": "2.7", "2009": "-", "2010": "-", "2011": "-", "2012": "-", "2013": "-", "2014": "-", "2015": "-", "Jurisdiction": "Viet Nam"},{"1998": "-", "1999": "-", "2000": "-", "2001": "-", "2002": "-", "2003": "2.6", "2004": "2.4", "2005": "2.7", "2006": "2.6", "2007": "2.5", "2008": "2.3", "2009": "2.1", "2010": "2.2", "2011": "2.08", "2012": "23", "2013": "18", "2014": "19", "2015": "18", "Jurisdiction": "Yemen"},{"1998": "3", "1999": "2", "2000": "1.3", "2001": "-", "2002": "-", "2003": "-", "2004": "-", "2005": "-", "2006": "-", "2007": "-", "2008": "-", "2009": "-", "2010": "-", "2011": "-", "2012": "-", "2013": "-", "2014": "-", "2015": "-", "Jurisdiction": "Yugoslavia"},{"1998": "3.5", "1999": "3.5", "2000": "3.4", "2001": "2.6", "2002": "2.6", "2003": "2.5", "2004": "2.6", "2005": "2.6", "2006": "2.6", "2007": "2.6", "2008": "2.8", "2009": "3", "2010": "3", "2011": "3.2", "2012": "37", "2013": "38", "2014": "38", "2015": "38", "Jurisdiction": "Zambia"},{"1998": "4.2", "1999": "4.1", "2000": "3", "2001": "2.9", "2002": "2.7", "2003": "2.3", "2004": "2.3", "2005": "2.6", "2006": "2.4", "2007": "2.1", "2008": "1.8", "2009": "2.2", "2010": "2.4", "2011": "2.23", "2012": "20", "2013": "21", "2014": "21", "2015": "21", "Jurisdiction": "Zimbabwe"}]